URL,Last crawled
https://www.novoxcrm.com/wiki/satilan-daire-bos-gorunme-hatasi,2026-05-12
https://novoxcrm.com/wiki/satis-hunisi-pipeline-yonetimi-gayrimenkul,2026-05-12
https://www.novoxcrm.com/wiki/satis-hunisi-pipeline-yonetimi-gayrimenkul,2026-05-12
https://novoxcrm.com/wiki/teklif-hazirlama-programi-otomatik-pdf,2026-05-12
https://www.novoxcrm.com/wiki/teklif-hazirlama-programi-otomatik-pdf,2026-05-12
https://www.novoxcrm.com/wiki/gayrimenkul-firmalari-icin-crm-alternatifleri-karsilastirma,2026-05-12
https://www.novoxcrm.com/wiki/hatali-odeme-plani-olusturma-sorun-cozum,2026-05-12
https://novoxcrm.com/wiki/modern-gayrimenkul-crm-ozellikleri,2026-05-12
https://www.novoxcrm.com/wiki/modern-gayrimenkul-crm-ozellikleri,2026-05-12
https://novoxcrm.com/wiki/acente-broker-yonetiminde-seffaflik-ve-hakedis-otomasyonu,2026-05-12
https://www.novoxcrm.com/wiki/acente-broker-yonetiminde-seffaflik-ve-hakedis-otomasyonu,2026-05-12
https://novoxcrm.com/wiki/santiye-satis-ofisi-veri-senkronizasyonu,2026-05-11
https://www.novoxcrm.com/wiki/santiye-satis-ofisi-veri-senkronizasyonu,2026-05-11
https://novoxcrm.com/,2026-05-11
https://www.novoxcrm.com/en/wiki/sozlesme-yonetimi-gayrimenkul-crm,2026-05-11
https://novoxcrm.com/wiki/tapu-takip-surecleri-dijital-yonetim,2026-05-11
https://www.novoxcrm.com/wiki/tapu-takip-surecleri-dijital-yonetim,2026-05-11
https://www.novoxcrm.com/en/wiki/turkiyede-gayrimenkul-firmalari-icin-en-iyi-crm-ozellikleri,2026-05-11
https://www.novoxcrm.com/en/wiki/satis-iptalleri-fesih-minimize-etme,2026-05-11
https://novoxcrm.com/en/wiki/gayrimenkul-firmalari-icin-crm-alternatifleri-karsilastirma,2026-05-11
https://www.novoxcrm.com/en/wiki/gayrimenkul-firmalari-icin-crm-alternatifleri-karsilastirma,2026-05-11
https://novoxcrm.com/wiki/gayrimenkul-gelistirme-yazilimi-kapsamli-rehber,2026-05-11
https://www.novoxcrm.com/wiki/gayrimenkul-gelistirme-yazilimi-kapsamli-rehber,2026-05-11
https://www.novoxcrm.com/wiki/gayrimenkul-sektoru-icin-dijital-donusum-roi-hesaplama,2026-05-11
https://www.novoxcrm.com/en/broker/apply,2026-05-11
https://novoxcrm.com/wiki/musteri-verisi-guveli-saklama-yontemleri,2026-05-11
https://www.novoxcrm.com/wiki/musteri-verisi-guveli-saklama-yontemleri,2026-05-11
https://www.novoxcrm.com/wiki/gayrimenkul-satis-sureclerinde-crm-etkisi,2026-05-11
https://www.novoxcrm.com/wiki/proje-lansman-iletisim-stratejisi,2026-05-11
https://novoxcrm.com/wiki/potansiyel-musteri-yonetimi-stratejileri,2026-05-11
https://www.novoxcrm.com/wiki/potansiyel-musteri-yonetimi-stratejileri,2026-05-11
https://novoxcrm.com/wiki/excel-musteri-takibi-zorluklar-cozum,2026-05-11
https://www.novoxcrm.com/wiki/excel-musteri-takibi-zorluklar-cozum,2026-05-11
https://www.novoxcrm.com/wiki/satis-ofisi-merkez-ofis-iletisim-kopuklugu,2026-05-11
https://novoxcrm.com/wiki/kurumsal-hafiza-nasil-olusturulur,2026-05-11
https://www.novoxcrm.com/wiki/kurumsal-hafiza-nasil-olusturulur,2026-05-11
https://www.novoxcrm.com/wiki/lead-skorlama-hangi-musteri-gercekten-daire-alir,2026-05-11
https://novoxcrm.com/tr/wiki/mukerrer-musteri-kaydi-engelleme,2026-05-11
https://novoxcrm.com/en/solutions/gayrimenkul-crm,2026-05-11
https://novoxcrm.com/wiki/insaat-crm-nedir,2026-05-11
https://www.novoxcrm.com/wiki/insaat-crm-nedir,2026-05-11
https://www.novoxcrm.com/wiki/rol-tabanli-veri-erisim-kisitlamasi-crm,2026-05-11
https://novoxcrm.com/wiki/sanal-tur-matterport-crm-entegrasyonu,2026-05-11
https://www.novoxcrm.com/wiki/sanal-tur-matterport-crm-entegrasyonu,2026-05-11
https://novoxcrm.com/wiki/konut-satis-pazarlama-crm-entegrasyonu,2026-05-11
https://www.novoxcrm.com/wiki/konut-satis-pazarlama-crm-entegrasyonu,2026-05-11
https://www.novoxcrm.com/wiki/satis-ofisi-performans-kriterleri-kpi,2026-05-11
https://novoxcrm.com/wiki/gayrimenkul-satisinda-veri-maskeleme-hayati-onem,2026-05-11
https://www.novoxcrm.com/wiki/gayrimenkul-satisinda-veri-maskeleme-hayati-onem,2026-05-11
https://www.novoxcrm.com/wiki/yabanciya-konut-satisinda-surec-takibi-ve-regulasyon-uyumu,2026-05-11
https://novoxcrm.com/wiki/konut-kredisi-uygunluk-sorgulama-sistemi,2026-05-10
https://www.novoxcrm.com/wiki/konut-kredisi-uygunluk-sorgulama-sistemi,2026-05-10
https://novoxcrm.com/wiki/satis-ofisi-gunluk-rapor-hazirlik,2026-05-10
https://www.novoxcrm.com/wiki/satis-ofisi-gunluk-rapor-hazirlik,2026-05-10
https://novoxcrm.com/wiki/satis-ofisi-performans-kriterleri-kpi,2026-05-10
https://www.novoxcrm.com/tr/wiki/sanal-tur-matterport-crm-entegrasyonu,2026-05-10
https://www.novoxcrm.com/en/solutions/gayrimenkul-crm,2026-05-10
https://www.novoxcrm.com/en/wiki/satis-hizi-analizi-conversion-rate,2026-05-10
https://www.novoxcrm.com/wiki/nakit-akis-tablosu-olusturma-rehberi,2026-05-10
https://novoxcrm.com/tr/wiki/satis-iptalleri-fesih-minimize-etme,2026-05-10
https://novoxcrm.com/tr/wiki/emlak-takip-sistemi-neden-gerekli,2026-05-10
https://www.novoxcrm.com/wiki/kagitsiz-ofis-paperless-gayrimenkul,2026-05-10
https://novoxcrm.com/en/wiki/konut-projelerinde-stok-ve-daire-takibi,2026-05-10
https://novoxcrm.com/en/wiki/gayrimenkul-satis-sureclerinde-crm-etkisi,2026-05-10
https://novoxcrm.com/tr/wiki/teklif-hazirlama-programi-otomatik-pdf,2026-05-10
https://www.novoxcrm.com/tr/wiki/teklif-hazirlama-programi-otomatik-pdf,2026-05-10
https://novoxcrm.com/en/wiki/excel-musteri-takibi-zorluklar-cozum,2026-05-10
https://www.novoxcrm.com/en/solutions,2026-05-10
https://novoxcrm.com/tr/wiki/satilan-daire-bos-gorunme-hatasi,2026-05-10
https://www.novoxcrm.com/tr/wiki/satilan-daire-bos-gorunme-hatasi,2026-05-10
https://www.novoxcrm.com/wiki/otomatik-teklif-olusturma-gayrimenkul,2026-05-10
https://novoxcrm.com/en/wiki/gayrimenkul-satisinda-veri-maskeleme-hayati-onem,2026-05-10
https://novoxcrm.com/tr/solutions/gayrimenkul-crm,2026-05-10
https://www.novoxcrm.com/tr/solutions/gayrimenkul-crm,2026-05-10
https://www.novoxcrm.com/en/wiki/broker-komisyon-hakedis-yonetimi,2026-05-10
https://www.novoxcrm.com/wiki/emlak-portfoy-yonetim-yazilimi,2026-05-10
https://novoxcrm.com/wiki/dijital-donusum-yol-haritasi-gayrimenkul,2026-05-10
https://www.novoxcrm.com/wiki/dijital-donusum-yol-haritasi-gayrimenkul,2026-05-10
https://www.novoxcrm.com/wiki/musteri-yolculugu-customer-journey-gayrimenkul,2026-05-10
https://novoxcrm.com/wiki/facebook-form-crm-otomatik-aktarim,2026-05-10
https://www.novoxcrm.com/wiki/facebook-form-crm-otomatik-aktarim,2026-05-10
https://www.novoxcrm.com/wiki/veri-kaybi-data-loss-onleme-rehberi,2026-05-10
https://www.novoxcrm.com/en/wiki/veri-kaybi-data-loss-onleme-rehberi,2026-05-10
https://novoxcrm.com/tr/wiki/satis-ofisi-performans-kriterleri-kpi,2026-05-10
https://www.novoxcrm.com/tr/wiki/satis-ofisi-performans-kriterleri-kpi,2026-05-10
https://www.novoxcrm.com/wiki/teslimat-sonrasi-teknik-servis-musteri-sadakati,2026-05-10
https://www.novoxcrm.com/wiki/gayrimenkul-crm-nedir-neden-zorunlu,2026-05-10
https://www.novoxcrm.com/login,2026-05-10
https://novoxcrm.com/tr/wiki/excel-den-kurtulus-senaryosu-operasyonel-verimlilik,2026-05-10
https://novoxcrm.com/wiki/satis-ekibi-crm-kullanim-direnci-cozum,2026-05-09
https://novoxcrm.com/tr/wiki/insaat-crm-secerken-yapilan-hatalar,2026-05-09
https://novoxcrm.com/en/wiki/kagitsiz-ofis-paperless-gayrimenkul,2026-05-09
https://www.novoxcrm.com/en/wiki/kagitsiz-ofis-paperless-gayrimenkul,2026-05-09
https://novoxcrm.com/tr/wiki/broker-komisyon-hakedis-yonetimi,2026-05-09
https://www.novoxcrm.com/tr/wiki/broker-komisyon-hakedis-yonetimi,2026-05-09
https://novoxcrm.com/en/wiki/satis-ofisi-merkez-ofis-iletisim-kopuklugu,2026-05-09
https://www.novoxcrm.com/en/wiki/satis-ofisi-merkez-ofis-iletisim-kopuklugu,2026-05-09
https://novoxcrm.com/wiki/konut-projesi-satis-yazilimi-ozellikleri,2026-05-09
https://www.novoxcrm.com/wiki/konut-projesi-satis-yazilimi-ozellikleri,2026-05-09
https://www.novoxcrm.com/wiki/konut-satisinda-senet-ve-tahsilat-yonetimi-finansal-risk,2026-05-09
https://novoxcrm.com/en/wiki/facebook-form-crm-otomatik-aktarim,2026-05-09
https://novoxcrm.com/wiki/dijital-kat-plani-ve-stok-durumu-yonetimi,2026-05-09
https://www.novoxcrm.com/wiki/dijital-kat-plani-ve-stok-durumu-yonetimi,2026-05-09
https://novoxcrm.com/en/wiki/satilan-daire-bos-gorunme-hatasi,2026-05-09
https://www.novoxcrm.com/en/wiki/satilan-daire-bos-gorunme-hatasi,2026-05-09
https://novoxcrm.com/tr/wiki/konut-kredisi-uygunluk-sorgulama-sistemi,2026-05-09
https://www.novoxcrm.com/tr/wiki/konut-kredisi-uygunluk-sorgulama-sistemi,2026-05-09
https://www.novoxcrm.com/en/wiki/senet-vadesi-kacirma-otomatik-tahsilat,2026-05-09
https://novoxcrm.com/wiki/gayrimenkul-dijital-envanter-yonetimi,2026-05-09
https://www.novoxcrm.com/wiki/gayrimenkul-dijital-envanter-yonetimi,2026-05-09
https://novoxcrm.com/en/wiki/insaat-projelerinde-odeme-plani-ve-sozlesme-takibi,2026-05-09
https://novoxcrm.com/tr/wiki/opsiyonlama-takibi-dijital-sistem,2026-05-09
https://novoxcrm.com/tr/wiki/acente-broker-yonetiminde-seffaflik-ve-hakedis-otomasyonu,2026-05-09
https://novoxcrm.com/wiki/gayrimenkul-crm-secim-rehberi,2026-05-09
https://www.novoxcrm.com/wiki/gayrimenkul-crm-secim-rehberi,2026-05-09
https://novoxcrm.com/wiki/insaat-satis-otomasyonu-rehberi,2026-05-09
https://www.novoxcrm.com/wiki/insaat-satis-otomasyonu-rehberi,2026-05-09
https://novoxcrm.com/wiki/konut-satisinda-lead-skorlama-metodolojisi,2026-05-09
https://www.novoxcrm.com/wiki/konut-satisinda-lead-skorlama-metodolojisi,2026-05-09
https://novoxcrm.com/wiki/kisiye-ozel-odeme-plani-simulasyonu,2026-05-09
https://www.novoxcrm.com/wiki/kisiye-ozel-odeme-plani-simulasyonu,2026-05-09
https://novoxcrm.com/wiki/gayrimenkul-en-iyi-reklam-mecralari-2026,2026-05-09
https://www.novoxcrm.com/wiki/gayrimenkul-en-iyi-reklam-mecralari-2026,2026-05-09
https://www.novoxcrm.com/system-details,2026-05-09
https://novoxcrm.com/tr/wiki/gayrimenkul-dijital-envanter-yonetimi,2026-05-09
https://novoxcrm.com/en/wiki/satis-iptalleri-fesih-minimize-etme,2026-05-09
https://novoxcrm.com/tr/wiki/gayrimenkul-satis-sureclerinde-crm-etkisi,2026-05-09
https://www.novoxcrm.com/tr/wiki/gayrimenkul-satis-sureclerinde-crm-etkisi,2026-05-09
https://novoxcrm.com/tr/wiki/konut-projelerinde-stok-ve-daire-takibi,2026-05-09
https://novoxcrm.com/wiki/musteri-adayi-basi-maliyet-cpl-dusurme,2026-05-09
https://www.novoxcrm.com/wiki/musteri-adayi-basi-maliyet-cpl-dusurme,2026-05-09
https://www.novoxcrm.com/en/wiki/rezervasyon-yonetimi-gayrimenkul,2026-05-09
https://www.novoxcrm.com/en/wiki/yanlis-satis-sozlesmesi-riskleri-onlemler,2026-05-09
https://novoxcrm.com/en/wiki/satis-ekibi-crm-kullanim-direnci-cozum,2026-05-09
https://novoxcrm.com/wiki/crm-erp-entegrasyonu-basarisizlik-nedenleri,2026-05-08
https://www.novoxcrm.com/wiki/crm-erp-entegrasyonu-basarisizlik-nedenleri,2026-05-08
https://novoxcrm.com/wiki/kdv-muafiyetli-konut-satisi-takibi,2026-05-08
https://www.novoxcrm.com/wiki/kdv-muafiyetli-konut-satisi-takibi,2026-05-08
https://www.novoxcrm.com/wiki/rezervasyon-yonetimi-gayrimenkul,2026-05-08
https://novoxcrm.com/en/wiki/mukerrer-musteri-kaydi-engelleme,2026-05-08
https://novoxcrm.com/tr/wiki/facebook-form-crm-otomatik-aktarim,2026-05-08
https://novoxcrm.com/tr/wiki/musteri-verisi-guveli-saklama-yontemleri,2026-05-08
https://www.novoxcrm.com/en/solutions/insaat-crm,2026-05-08
https://novoxcrm.com/wiki/satis-danismani-onboarding-egitim-sureci,2026-05-08
https://www.novoxcrm.com/wiki/satis-danismani-onboarding-egitim-sureci,2026-05-08
https://novoxcrm.com/tr/wiki/tapu-takip-surecleri-dijital-yonetim,2026-05-08
https://novoxcrm.com/wiki/serefiye-hesaplama-yontemleri-rehber,2026-05-08
https://www.novoxcrm.com/wiki/serefiye-hesaplama-yontemleri-rehber,2026-05-08
https://novoxcrm.com/wiki/yanlis-satis-sozlesmesi-riskleri-onlemler,2026-05-08
https://novoxcrm.com/wiki/tapu-harci-doner-sermaye-otomatik-hesaplama,2026-05-08
https://www.novoxcrm.com/wiki/tapu-harci-doner-sermaye-otomatik-hesaplama,2026-05-08
https://novoxcrm.com/wiki/insaat-satislari-neden-duser-analiz,2026-05-08
https://www.novoxcrm.com/wiki/insaat-satislari-neden-duser-analiz,2026-05-08
https://www.novoxcrm.com/wiki/senet-vadesi-kacirma-otomatik-tahsilat,2026-05-08
https://novoxcrm.com/wiki/m2-birim-fiyati-hesaplama-hatalari,2026-05-08
https://novoxcrm.com/en/wiki/konut-projesi-satis-yazilimi-ozellikleri,2026-05-08
https://novoxcrm.com/wiki/b2b-broker-aglari-ve-proje-satisi,2026-05-08
https://www.novoxcrm.com/wiki/b2b-broker-aglari-ve-proje-satisi,2026-05-08
https://novoxcrm.com/en/system-details,2026-05-08
https://www.novoxcrm.com/en/system-details,2026-05-08
https://novoxcrm.com/tr/system-details,2026-05-08
https://novoxcrm.com/tr/wiki/gayrimenkul-en-iyi-reklam-mecralari-2026,2026-05-08
https://novoxcrm.com/wiki/konut-tesliminde-yasanan-sikayet-yonetimi,2026-05-08
https://www.novoxcrm.com/wiki/konut-tesliminde-yasanan-sikayet-yonetimi,2026-05-08
https://novoxcrm.com/tr/wiki/turkiyede-gayrimenkul-firmalari-icin-en-iyi-crm-ozellikleri,2026-05-08
https://www.novoxcrm.com/tr/wiki/turkiyede-gayrimenkul-firmalari-icin-en-iyi-crm-ozellikleri,2026-05-08
https://novoxcrm.com/en/wiki/insaat-satislari-neden-duser-analiz,2026-05-08
https://www.novoxcrm.com/en/wiki/insaat-satislari-neden-duser-analiz,2026-05-08
https://novoxcrm.com/wiki/personel-ayrilinca-musteri-verisi-koruma,2026-05-08
https://www.novoxcrm.com/wiki/personel-ayrilinca-musteri-verisi-koruma,2026-05-08
https://novoxcrm.com/en/wiki/gayrimenkul-gelistirme-yazilimi-kapsamli-rehber,2026-05-08
https://novoxcrm.com/en/wiki/gayrimenkul-sektoru-icin-dijital-donusum-roi-hesaplama,2026-05-08
https://www.novoxcrm.com/en/wiki/gayrimenkul-sektoru-icin-dijital-donusum-roi-hesaplama,2026-05-08
https://novoxcrm.com/tr/wiki/gayrimenkul-crm-mi-erp-mi,2026-05-07
https://novoxcrm.com/en/wiki/dijital-donusum-yol-haritasi-gayrimenkul,2026-05-07
https://novoxcrm.com/en/wiki,2026-05-07
https://www.novoxcrm.com/en/wiki,2026-05-07
https://novoxcrm.com/tr/solutions,2026-05-07
https://www.novoxcrm.com/tr/solutions,2026-05-07
https://novoxcrm.com/en/wiki/modern-gayrimenkul-crm-ozellikleri,2026-05-07
https://novoxcrm.com/wiki/aday-musteri-takibi-lead-tracking-rehberi,2026-05-07
https://www.novoxcrm.com/wiki/aday-musteri-takibi-lead-tracking-rehberi,2026-05-07
https://novoxcrm.com/wiki/gayrimenkul-satisinda-vergi-avantajlari-2026,2026-05-07
https://www.novoxcrm.com/wiki/gayrimenkul-satisinda-vergi-avantajlari-2026,2026-05-07
https://novoxcrm.com/en/wiki/gayrimenkul-senet-basim-ve-takip-programi,2026-05-07
https://novoxcrm.com/tr/wiki/santiye-satis-ofisi-veri-senkronizasyonu,2026-05-07
https://www.novoxcrm.com/wiki/proje-satis-ofisi-ve-merkez-arasindaki-veri-koprusu,2026-05-05
https://www.novoxcrm.com/wiki/konut-projelerinde-satis-takibi-dijitallestirme,2026-04-30
https://www.novoxcrm.com/wiki/musteri-portalinin-satis-sonrasindaki-onemi,2026-04-29
https://novoxcrm.com/en/wiki/nakit-akis-tablosu-olusturma-rehberi,2026-04-29
https://www.novoxcrm.com/ebooks/gayrimenkul-projelerinde-dijital-donusum-rehberi,2026-04-29
https://novoxcrm.com/wiki/kvkk-veri-maskeleme-loglama-gayrimenkul,2026-04-29
https://www.novoxcrm.com/wiki/kvkk-veri-maskeleme-loglama-gayrimenkul,2026-04-29
https://novoxcrm.com/tr/wiki/satis-hizi-analizi-conversion-rate,2026-04-29
https://novoxcrm.com/tr/wiki/potansiyel-musteri-yonetimi-stratejileri,2026-04-29
https://novoxcrm.com/en/wiki/otomatik-teklif-olusturma-gayrimenkul,2026-04-29
https://www.novoxcrm.com/en/wiki/otomatik-teklif-olusturma-gayrimenkul,2026-04-29
https://www.novoxcrm.com/wiki/gayrimenkul-satisinda-excel-neden-yetersiz,2026-04-29
https://novoxcrm.com/en/wiki/rezervasyon-yonetimi-gayrimenkul,2026-04-29
https://novoxcrm.com/en/wiki/musteri-portalinin-satis-sonrasindaki-onemi,2026-04-29
https://novoxcrm.com/en/wiki/emlak-portfoy-yonetim-yazilimi,2026-04-29
https://www.novoxcrm.com/en/wiki/emlak-portfoy-yonetim-yazilimi,2026-04-29
https://novoxcrm.com/en/wiki/proje-satis-ofisi-ve-merkez-arasindaki-veri-koprusu,2026-04-28
https://novoxcrm.com/tr/wiki/konut-satis-pazarlama-crm-entegrasyonu,2026-04-28
https://www.novoxcrm.com/tr/wiki/konut-satis-pazarlama-crm-entegrasyonu,2026-04-28
https://novoxcrm.com/en/wiki/crm-mobil-uygulama-senkronizasyon-sorunu,2026-04-28
https://novoxcrm.com/en/payment-plan-calculator,2026-04-28
https://www.novoxcrm.com/en/wiki/excel-den-kurtulus-senaryosu-operasyonel-verimlilik,2026-04-28
https://www.novoxcrm.com/en/wiki/b2b-broker-aglari-ve-proje-satisi,2026-04-28
https://novoxcrm.com/tr/wiki/rezervasyon-yonetimi-gayrimenkul,2026-04-28
https://novoxcrm.com/tr/wiki/satis-danismani-onboarding-egitim-sureci,2026-04-28
https://novoxcrm.com/en/wiki/satis-hunisi-pipeline-yonetimi-gayrimenkul,2026-04-28
https://www.novoxcrm.com/tr/wiki/konut-satisinda-dijital-imza-e-imza,2026-04-28
https://www.novoxcrm.com/broker/apply,2026-04-28
https://www.novoxcrm.com/wiki/broker-yonetimi-ve-crm-onemi,2026-04-28
https://novoxcrm.com/wiki/sozlesme-yonetimi-gayrimenkul-crm,2026-04-27
https://www.novoxcrm.com/wiki/sozlesme-yonetimi-gayrimenkul-crm,2026-04-27
https://www.novoxcrm.com/en/login,2026-04-27
https://novoxcrm.com/tr/wiki/insaat-crm-nedir,2026-04-27
https://novoxcrm.com/tr/wiki/senet-vadesi-kacirma-otomatik-tahsilat,2026-04-26
https://novoxcrm.com/wiki/musteri-yolculugu-customer-journey-gayrimenkul,2026-04-26
https://novoxcrm.com/wiki/musteri-getir-referral-kampanya-yonetimi,2026-04-25
https://www.novoxcrm.com/wiki/musteri-getir-referral-kampanya-yonetimi,2026-04-25
https://www.novoxcrm.com/solutions/insaat-crm,2026-04-25
https://novoxcrm.com/en/wiki/broker-yonetimi-ve-crm-onemi,2026-04-25
https://novoxcrm.com/tr/wiki/gayrimenkul-gelistirme-yazilimi-kapsamli-rehber,2026-04-24
https://novoxcrm.com/en/wiki/hatali-odeme-plani-olusturma-sorun-cozum,2026-04-24
https://www.novoxcrm.com/tr/wiki/potansiyel-musteri-yonetimi-stratejileri,2026-04-24
https://novoxcrm.com/en/wiki/gayrimenkul-satisinda-excel-neden-yetersiz,2026-04-24
https://novoxcrm.com/en/wiki/gayrimenkul-crm-nedir-neden-zorunlu,2026-04-24