Özellik	RE/MAX'ta Var	Bizde
Otomatik pazarlama (drip e-posta, SMS dizileri)	✅	❌
MLS / ilan portalı entegrasyonu (sahibinden, hepsiemlak)	✅	❌
Mobil uygulama	✅	❌
E-imza (DocuSign/imzala.com)	✅	❌
Müşteri portalı (alıcı kendi dosyasını görebilir)	✅	❌
Gelişmiş raporlama (dönüşüm oranları, kaynak analizi)	✅	❌
Takvim senkronizasyonu (Google/Outlook)	✅	❌
Belge yönetimi (sözleşme, yetki belgesi arşivi)	✅	❌
Gelişmiş komisyon sistemi (katmanlı split, franchise payı)	✅	🟡 Basit
Ajan web sitesi oluşturucu	✅	❌
Eğitim/LMS modülü	✅	❌
